{
  "normalized_bounds": {
    "dimensions": [
      0.528815,
      0.799263,
      0.629843
    ],
    "max": [
      0.264408,
      0.399631,
      0.629843
    ],
    "min": [
      -0.264408,
      -0.399631,
      0.0
    ]
  }
}
